{"cameraMode":{"drawMode":0,"name":"Shaded","section":"Shading Mode"},"sceneLighting":false,"audioPlay":false,"sceneViewState":{"showFog":false,"showMaterialUpdate":false,"showSkybox":false,"showFlares":false,"showImageEffects":false,"showParticleSystems":false},"in2DMode":false,"pivot":{"x":-0.023479700088500978,"y":-0.0695008933544159,"z":0.0},"rotation":{"x":0.28019729256629946,"y":0.050368744879961017,"z":-0.014724649488925934,"w":0.9585221409797669},"size":10.464422225952149,"orthographic":false}