{"cameraMode":{"drawMode":0,"name":"Shaded","section":"Shading Mode"},"sceneLighting":false,"audioPlay":false,"sceneViewState":{"showFog":false,"showMaterialUpdate":false,"showSkybox":false,"showFlares":false,"showImageEffects":false,"showParticleSystems":false},"in2DMode":false,"pivot":{"x":-0.6710000038146973,"y":0.4799000024795532,"z":-0.2745000123977661},"rotation":{"x":0.2311803251504898,"y":-0.13174359500408173,"z":0.03160678967833519,"w":0.9634384512901306},"size":2.102919101715088,"orthographic":false}