{"cameraMode":{"drawMode":0,"name":"Shaded","section":"Shading Mode"},"sceneLighting":false,"audioPlay":false,"sceneViewState":{"showFog":false,"showMaterialUpdate":false,"showSkybox":false,"showFlares":false,"showImageEffects":false,"showParticleSystems":false},"in2DMode":false,"pivot":{"x":-0.007999897003173828,"y":-0.07400685548782349,"z":0.0},"rotation":{"x":0.2218964546918869,"y":0.07305223494768143,"z":-0.016672400757670404,"w":0.9721974730491638},"size":7.822076320648193,"orthographic":false}