{"cameraMode":{"drawMode":0,"name":"Shaded","section":"Shading Mode"},"sceneLighting":false,"audioPlay":false,"sceneViewState":{"showFog":false,"showMaterialUpdate":false,"showSkybox":false,"showFlares":false,"showImageEffects":false,"showParticleSystems":false},"in2DMode":false,"pivot":{"x":-0.10205078125,"y":0.08189433813095093,"z":0.03991708159446716},"rotation":{"x":0.0597350038588047,"y":0.8115432858467102,"z":-0.0842960998415947,"w":0.5750909447669983},"size":0.7070149183273315,"orthographic":true}