{"cameraMode":{"drawMode":0,"name":"Shaded","section":"Shading Mode"},"sceneLighting":false,"audioPlay":false,"sceneViewState":{"showFog":false,"showMaterialUpdate":false,"showSkybox":false,"showFlares":false,"showImageEffects":false,"showParticleSystems":false},"in2DMode":false,"pivot":{"x":-0.22336089611053468,"y":-0.24938178062438966,"z":-0.11337161064147949},"rotation":{"x":0.3125121593475342,"y":0.18089476227760316,"z":-0.06075140833854675,"w":0.9305537939071655},"size":4.275000095367432,"orthographic":false}