{"cameraMode":{"drawMode":0,"name":"Shaded","section":"Shading Mode"},"sceneLighting":true,"audioPlay":false,"sceneViewState":{"showFog":true,"showMaterialUpdate":true,"showSkybox":false,"showFlares":true,"showImageEffects":true,"showParticleSystems":true},"in2DMode":false,"pivot":{"x":-0.06661713123321533,"y":3.5695865154266359,"z":-0.3831906318664551},"rotation":{"x":0.043905116617679599,"y":0.9532921314239502,"z":-0.2454470843076706,"w":0.17051683366298676},"size":5.238433361053467,"orthographic":false}