{"cameraMode":{"drawMode":0,"name":"Shaded","section":"Shading Mode"},"sceneLighting":false,"audioPlay":false,"sceneViewState":{"showFog":false,"showMaterialUpdate":false,"showSkybox":false,"showFlares":false,"showImageEffects":false,"showParticleSystems":false},"in2DMode":false,"pivot":{"x":0.0,"y":0.056999996304512027,"z":0.46799999475479128},"rotation":{"x":0.298030823469162,"y":-0.3929899334907532,"z":0.13632352650165559,"w":0.8591618537902832},"size":0.7450737357139587,"orthographic":false}