{"cameraMode":{"drawMode":0,"name":"Shaded","section":"Shading Mode"},"sceneLighting":false,"audioPlay":false,"sceneViewState":{"showFog":true,"showMaterialUpdate":true,"showSkybox":false,"showFlares":true,"showImageEffects":true,"showParticleSystems":true},"in2DMode":false,"pivot":{"x":0.0,"y":3.4433631896972658,"z":0.06119394302368164},"rotation":{"x":-0.0575886145234108,"y":0.9422240853309631,"z":-0.22310195863246919,"w":-0.2432030290365219},"size":16.043628692626954,"orthographic":false}