{"cameraMode":{"drawMode":0,"name":"Shaded","section":"Shading Mode"},"sceneLighting":false,"audioPlay":false,"sceneViewState":{"showFog":true,"showMaterialUpdate":true,"showSkybox":false,"showFlares":true,"showImageEffects":true,"showParticleSystems":true},"in2DMode":false,"pivot":{"x":-0.008583903312683106,"y":0.9251877069473267,"z":0.30380290746688845},"rotation":{"x":0.2276008129119873,"y":-0.4463186264038086,"z":0.11849173158407211,"w":0.8572984337806702},"size":0.917766273021698,"orthographic":false}