{"cameraMode":{"drawMode":0,"name":"Shaded","section":"Shading Mode"},"sceneLighting":true,"audioPlay":false,"sceneViewState":{"showFog":false,"showMaterialUpdate":false,"showSkybox":false,"showFlares":false,"showImageEffects":false,"showParticleSystems":false},"in2DMode":false,"pivot":{"x":0.5247561931610107,"y":0.06496024131774903,"z":-0.03411370515823364},"rotation":{"x":0.21701563894748689,"y":-0.72677081823349,"z":0.26488053798675539,"w":0.5954422354698181},"size":2.6042048931121828,"orthographic":false}