{"cameraMode":{"drawMode":0,"name":"Shaded","section":"Shading Mode"},"sceneLighting":false,"audioPlay":false,"sceneViewState":{"showFog":false,"showMaterialUpdate":false,"showSkybox":false,"showFlares":false,"showImageEffects":false,"showParticleSystems":false},"in2DMode":false,"pivot":{"x":0.16215047240257264,"y":-0.13371950387954713,"z":-0.15336015820503236},"rotation":{"x":0.11944457143545151,"y":0.8544086217880249,"z":-0.22546468675136567,"w":0.4526589512825012},"size":0.7144710421562195,"orthographic":false}