{"cameraMode":{"drawMode":0,"name":"Shaded","section":"Shading Mode"},"sceneLighting":true,"audioPlay":false,"sceneViewState":{"showFog":true,"showMaterialUpdate":true,"showSkybox":true,"showFlares":true,"showImageEffects":true,"showParticleSystems":true},"in2DMode":false,"pivot":{"x":-2.714519500732422,"y":1.0450477600097657,"z":2.694039821624756},"rotation":{"x":0.23550823330879212,"y":0.6820516586303711,"z":-0.2485819160938263,"w":0.6461805105209351},"size":9.327652931213379,"orthographic":false}