{"cameraMode":{"drawMode":0,"name":"Shaded","section":"Shading Mode"},"sceneLighting":false,"audioPlay":false,"sceneViewState":{"showFog":false,"showMaterialUpdate":false,"showSkybox":false,"showFlares":false,"showImageEffects":false,"showParticleSystems":false},"in2DMode":false,"pivot":{"x":-0.1470947265625,"y":0.14166259765625,"z":0.41716957092285159},"rotation":{"x":0.24302418529987336,"y":0.6666094660758972,"z":-0.2452223002910614,"w":0.6606371402740479},"size":0.7458371520042419,"orthographic":true}