{"cameraMode":{"drawMode":0,"name":"Shaded","section":"Shading Mode"},"sceneLighting":false,"audioPlay":false,"sceneViewState":{"showFog":false,"showMaterialUpdate":false,"showSkybox":false,"showFlares":false,"showImageEffects":false,"showParticleSystems":false},"in2DMode":false,"pivot":{"x":-0.013007030822336674,"y":0.0,"z":0.03573651611804962},"rotation":{"x":0.379936158657074,"y":0.4195282459259033,"z":-0.19925372302532197,"w":0.7999720573425293},"size":0.2717459201812744,"orthographic":false}