{"cameraMode":{"drawMode":0,"name":"Shaded","section":"Shading Mode"},"sceneLighting":false,"audioPlay":false,"sceneViewState":{"showFog":false,"showMaterialUpdate":false,"showSkybox":false,"showFlares":false,"showImageEffects":false,"showParticleSystems":false},"in2DMode":false,"pivot":{"x":-0.25,"y":-4.0978193283081057e-8,"z":-0.3410000503063202},"rotation":{"x":0.15479685366153718,"y":0.4637598395347595,"z":-0.0826629102230072,"w":0.8684132099151611},"size":1.4649381637573243,"orthographic":false}