{"cameraMode":{"drawMode":0,"name":"Shaded","section":"Shading Mode"},"sceneLighting":false,"audioPlay":false,"sceneViewState":{"showFog":false,"showMaterialUpdate":false,"showSkybox":false,"showFlares":false,"showImageEffects":false,"showParticleSystems":false},"in2DMode":false,"pivot":{"x":-10.361181259155274,"y":-26.077539443969728,"z":37.15607452392578},"rotation":{"x":0.2926161587238312,"y":-0.13369090855121613,"z":0.04135405644774437,"w":0.9459488987922669},"size":54.453521728515628,"orthographic":false}