{"cameraMode":{"drawMode":0,"name":"Shaded","section":"Shading Mode"},"sceneLighting":false,"audioPlay":false,"sceneViewState":{"showFog":true,"showMaterialUpdate":true,"showSkybox":false,"showFlares":true,"showImageEffects":true,"showParticleSystems":true},"in2DMode":false,"pivot":{"x":3.2802882194519045,"y":0.5210391283035278,"z":0.07328331470489502},"rotation":{"x":0.12440849095582962,"y":-0.853436291217804,"z":0.23757445812225343,"w":0.4469132125377655},"size":2.7387495040893556,"orthographic":false}