{"cameraMode":{"drawMode":0,"name":"Shaded","section":"Shading Mode"},"sceneLighting":false,"audioPlay":false,"sceneViewState":{"showFog":false,"showMaterialUpdate":false,"showSkybox":false,"showFlares":false,"showImageEffects":false,"showParticleSystems":false},"in2DMode":false,"pivot":{"x":-0.012877468019723893,"y":0.16011154651641847,"z":0.0},"rotation":{"x":-0.1383931040763855,"y":0.8587316870689392,"z":-0.30890506505966189,"w":-0.3847218453884125},"size":0.5852726697921753,"orthographic":false}