{"cameraMode":{"drawMode":0,"name":"Shaded","section":"Shading Mode"},"sceneLighting":true,"audioPlay":false,"sceneViewState":{"showFog":true,"showMaterialUpdate":true,"showSkybox":false,"showFlares":true,"showImageEffects":true,"showParticleSystems":true},"in2DMode":false,"pivot":{"x":0.18085932731628419,"y":-0.15592002868652345,"z":1.7837777137756348},"rotation":{"x":0.3101072311401367,"y":-0.1657153218984604,"z":0.05498939007520676,"w":0.9345322251319885},"size":10.495932579040528,"orthographic":false}