{"cameraMode":{"drawMode":0,"name":"Shaded","section":"Shading Mode"},"sceneLighting":false,"audioPlay":false,"sceneViewState":{"showFog":false,"showMaterialUpdate":false,"showSkybox":false,"showFlares":false,"showImageEffects":false,"showParticleSystems":false},"in2DMode":false,"pivot":{"x":-0.10900001227855683,"y":-2.60770320892334e-8,"z":-0.22450006008148194},"rotation":{"x":0.0787249431014061,"y":-0.4527994394302368,"z":0.0401776023209095,"w":0.8872228264808655},"size":0.892788290977478,"orthographic":false}