{"cameraMode":{"drawMode":0,"name":"Shaded","section":"Shading Mode"},"sceneLighting":false,"audioPlay":false,"sceneViewState":{"showFog":false,"showMaterialUpdate":false,"showSkybox":false,"showFlares":false,"showImageEffects":false,"showParticleSystems":false},"in2DMode":false,"pivot":{"x":-0.0802001953125,"y":0.002471923828125,"z":0.002685546875},"rotation":{"x":0.03481060639023781,"y":0.9629976153373718,"z":-0.15293863415718079,"w":0.2191866636276245},"size":0.6840096116065979,"orthographic":true}