{"cameraMode":{"drawMode":0,"name":"Shaded","section":"Shading Mode"},"sceneLighting":false,"audioPlay":false,"sceneViewState":{"showFog":false,"showMaterialUpdate":false,"showSkybox":false,"showFlares":false,"showImageEffects":false,"showParticleSystems":false},"in2DMode":false,"pivot":{"x":0.007605297490954399,"y":0.597599983215332,"z":4.728000164031982},"rotation":{"x":0.31319931149482729,"y":-0.25712600350379946,"z":0.0885041132569313,"w":0.9099298119544983},"size":0.22864076495170594,"orthographic":false}