{"cameraMode":{"drawMode":0,"name":"Shaded","section":"Shading Mode"},"sceneLighting":false,"audioPlay":false,"sceneViewState":{"showFog":false,"showMaterialUpdate":false,"showSkybox":false,"showFlares":false,"showImageEffects":false,"showParticleSystems":false},"in2DMode":false,"pivot":{"x":0.08731192350387573,"y":0.042017996311187747,"z":-0.29688018560409548},"rotation":{"x":0.243379607796669,"y":0.44655704498291018,"z":-0.12763594090938569,"w":0.8515097498893738},"size":1.0349254608154297,"orthographic":false}