{"cameraMode":{"drawMode":0,"name":"Shaded","section":"Shading Mode"},"sceneLighting":false,"audioPlay":false,"sceneViewState":{"showFog":false,"showMaterialUpdate":false,"showSkybox":false,"showFlares":false,"showImageEffects":false,"showParticleSystems":false},"in2DMode":false,"pivot":{"x":-0.019167304039001466,"y":-0.03700000047683716,"z":0.0},"rotation":{"x":0.00006424936873372644,"y":0.9957504272460938,"z":-0.09226857870817185,"w":0.000610911927651614},"size":2.1714279651641847,"orthographic":false}