{"cameraMode":{"drawMode":0,"name":"Shaded","section":"Shading Mode"},"sceneLighting":false,"audioPlay":false,"sceneViewState":{"showFog":true,"showMaterialUpdate":true,"showSkybox":false,"showFlares":true,"showImageEffects":true,"showParticleSystems":true},"in2DMode":false,"pivot":{"x":-1.1069999933242798,"y":0.9129999876022339,"z":-1.4220000505447388},"rotation":{"x":0.25791794061660769,"y":-0.36063459515571597,"z":0.10448385030031204,"w":0.8902294039726257},"size":1.3086639642715455,"orthographic":false}