{"cameraMode":{"drawMode":0,"name":"Shaded","section":"Shading Mode"},"sceneLighting":false,"audioPlay":false,"sceneViewState":{"showFog":false,"showMaterialUpdate":false,"showSkybox":false,"showFlares":false,"showImageEffects":false,"showParticleSystems":false},"in2DMode":false,"pivot":{"x":-0.0007337406277656555,"y":0.13014701008796693,"z":-0.008304105140268803},"rotation":{"x":-0.07398262619972229,"y":0.9215012788772583,"z":-0.31286972761154177,"w":-0.21790222823619843},"size":0.52337646484375,"orthographic":false}