{"cameraMode":{"drawMode":0,"name":"Shaded","section":"Shading Mode"},"sceneLighting":false,"audioPlay":false,"sceneViewState":{"showFog":false,"showMaterialUpdate":false,"showSkybox":false,"showFlares":false,"showImageEffects":false,"showParticleSystems":false},"in2DMode":false,"pivot":{"x":-0.04343634843826294,"y":0.1362634003162384,"z":0.031824707984924319},"rotation":{"x":-0.10271245241165161,"y":0.897277295589447,"z":-0.30614712834358218,"w":-0.3010368049144745},"size":0.5170590281486511,"orthographic":false}