{"cameraMode":{"drawMode":0,"name":"Shaded","section":"Shading Mode"},"sceneLighting":true,"audioPlay":false,"sceneViewState":{"showFog":true,"showMaterialUpdate":true,"showSkybox":false,"showFlares":true,"showImageEffects":true,"showParticleSystems":true},"in2DMode":false,"pivot":{"x":-0.5545830726623535,"y":0.2886543273925781,"z":-0.17898035049438477},"rotation":{"x":-0.1345234513282776,"y":0.8185746073722839,"z":-0.21338234841823579,"w":-0.5160619020462036},"size":3.5512948036193849,"orthographic":false}