{"cameraMode":{"drawMode":0,"name":"Shaded","section":"Shading Mode"},"sceneLighting":false,"audioPlay":false,"sceneViewState":{"showFog":true,"showMaterialUpdate":true,"showSkybox":false,"showFlares":true,"showImageEffects":true,"showParticleSystems":true},"in2DMode":false,"pivot":{"x":1.4901161193847657e-8,"y":1.0260000228881837,"z":0.32658064365386965},"rotation":{"x":0.21787340939044953,"y":-0.3622651994228363,"z":0.08750138431787491,"w":0.902020275592804},"size":5.649168014526367,"orthographic":false}