{"cameraMode":{"drawMode":0,"name":"Shaded","section":"Shading Mode"},"sceneLighting":false,"audioPlay":false,"sceneViewState":{"showFog":false,"showMaterialUpdate":false,"showSkybox":false,"showFlares":false,"showImageEffects":false,"showParticleSystems":false},"in2DMode":false,"pivot":{"x":0.0884045958518982,"y":-0.03146815299987793,"z":-0.21021690964698792},"rotation":{"x":0.12922213971614839,"y":0.8602992296218872,"z":-0.26895254850387576,"w":0.4133439064025879},"size":1.3840968608856202,"orthographic":false}