{"cameraMode":{"drawMode":0,"name":"Shaded","section":"Shading Mode"},"sceneLighting":true,"audioPlay":false,"sceneViewState":{"showFog":false,"showMaterialUpdate":false,"showSkybox":false,"showFlares":false,"showImageEffects":false,"showParticleSystems":false},"in2DMode":false,"pivot":{"x":-0.17027974128723145,"y":-0.0650399923324585,"z":0.21489763259887696},"rotation":{"x":0.12138332426548004,"y":-0.8493818640708923,"z":0.22277365624904633,"w":0.4628051519393921},"size":3.7957963943481447,"orthographic":false}